{"stat.walkOneCm":130533,"stat.pickup.minecraft.bone":3,"stat.useItem.minecraft.stone":1,"stat.useItem.minecraft.iron_axe":27,"stat.leaveGame":4,"stat.pickup.minecraft.arrow":3,"stat.pickup.minecraft.iron_sword":1,"stat.pickup.minecraft.crafting_table":1,"stat.drop.minecraft.gunpowder":4,"stat.useItem.minecraft.diamond_axe":7,"stat.useItem.minecraft.cobblestone":1,"stat.craftItem.minecraft.crafting_table":1,"stat.mineBlock.minecraft.double_plant":3,"stat.useItem.minecraft.lava_bucket":4,"stat.pickup.cfm.item_knife":1,"stat.killEntity.Creeper":3,"stat.useItem.minecraft.diamond_sword":20,"stat.pickup.minecraft.log":25,"stat.useItem.minecraft.rotten_flesh":9,"stat.pickup.minecraft.string":4,"stat.jump":700,"stat.swimOneCm":1266,"stat.useItem.cfm.item_knife":4,"stat.fallOneCm":9722,"stat.useItem.minecraft.planks":2,"stat.pickup.minecraft.beef":22,"stat.pickup.minecraft.iron_pickaxe":1,"stat.pickup.minecraft.cooked_porkchop":1,"stat.pickup.minecraft.gunpowder":6,"stat.shulkerBoxOpened":2,"stat.pickup.minecraft.stone":2,"stat.drop.minecraft.sapling":3,"stat.crouchOneCm":4269,"stat.pickup.minecraft.spider_eye":2,"stat.pickup.minecraft.sapling":4,"stat.useItem.securitycraft.reinforced_stairs_birch":25,"stat.pickup.minecraft.dirt":107,"stat.useItem.minecraft.dirt":96,"stat.sprintOneCm":71040,"stat.useItem.minecraft.stone_slab2":1000,"stat.drop.minecraft.leather":8,"stat.useItem.minecraft.water_bucket":5,"stat.craftItem.minecraft.stick":4,"stat.craftItem.minecraft.wooden_axe":1,"stat.craftingTableInteraction":1,"stat.pickup.minecraft.rotten_flesh":15,"stat.killEntity.Skeleton":2,"stat.entityKilledBy.Spider":1,"stat.craftItem.minecraft.planks":100,"stat.useItem.minecraft.iron_sword":53,"stat.pickup.minecraft.iron_axe":1,"stat.damageTaken":545,"stat.pickup.minecraft.leather":17,"stat.mineBlock.minecraft.crafting_table":1,"stat.killEntity.Spider":3,"stat.drop.minecraft.bone":3,"stat.pickup.minecraft.orange_shulker_box":2,"stat.mobKills":29,"stat.pickup.minecraft.cobblestone":2,"stat.mineBlock.minecraft.log":25,"stat.pickup.minecraft.planks":65,"stat.useItem.securitycraft.reinforced_iron_bars":3,"stat.flyOneCm":160488,"stat.deaths":2,"stat.drop":12,"stat.pickup.minecraft.wheat_seeds":19,"stat.useItem.securitycraft.reinforced_stairs_jungle":1,"stat.mineBlock.minecraft.leaves":6,"stat.playOneMinute":68910,"stat.pickup.minecraft.red_flower":2,"stat.sneakTime":819,"stat.damageDealt":4369,"stat.drop.minecraft.beef":9,"stat.pickup.minecraft.beacon":1,"stat.killEntity.Zombie":9,"stat.drop.minecraft.arrow":1,"stat.timeSinceDeath":8306,"stat.useItem.minecraft.wooden_axe":21,"stat.killEntity.Cow":12,"stat.pickup.minecraft.yellow_flower":4,"stat.mineBlock.minecraft.dirt":49,"stat.useItem.minecraft.iron_pickaxe":5,"stat.mineBlock.minecraft.stone":4,"stat.mineBlock.minecraft.tallgrass":76}