{"stat.walkOneCm":8157,"stat.pickup.minecraft.bone":3,"stat.leaveGame":3,"stat.pickup.minecraft.arrow":1,"stat.drop.minecraft.gunpowder":4,"stat.useItem.minecraft.diamond_axe":7,"stat.useItem.minecraft.lava_bucket":3,"stat.killEntity.Creeper":1,"stat.useItem.minecraft.diamond_sword":16,"stat.jump":146,"stat.swimOneCm":481,"stat.pickup.minecraft.beef":22,"stat.pickup.minecraft.gunpowder":4,"stat.drop.minecraft.sapling":3,"stat.crouchOneCm":1208,"stat.pickup.minecraft.sapling":3,"stat.sprintOneCm":10844,"stat.useItem.minecraft.stone_slab2":49,"stat.drop.minecraft.leather":8,"stat.killEntity.Skeleton":1,"stat.damageTaken":25,"stat.pickup.minecraft.leather":17,"stat.drop.minecraft.bone":3,"stat.mobKills":15,"stat.flyOneCm":41916,"stat.drop":12,"stat.playOneMinute":12795,"stat.sneakTime":174,"stat.damageDealt":1796,"stat.drop.minecraft.beef":9,"stat.killEntity.Zombie":1,"stat.drop.minecraft.arrow":1,"stat.timeSinceDeath":12795,"stat.killEntity.Cow":12}